type,id,name,gender,person,description
relation,3066477,"Place Van Meyel - Van Meyelplein",+,"Époux Van Meyel-Cool","Couple dont les dons permirent notamment la construction d'un orphelinat et d'une crèche"
relation,11087247,"Rue Buchholtz - Buchholtzstraat",+,"Famille Buchholtz","Propriétaires de terrains dans cette rue"
relation,3015625,"Rue Vandenhoven - Vandenhovenstraat",+,"Famille Vandenhoven","Principale famille de Roodebeek, qui donnèrent plusieurs mandataires politiques à la commune de Woluwe-Saint-Lambert"
relation,3020491,"Drève Soetkin - Soetkindreef",-,Soetkin,"Mère de Tijl Uylenspiegel"
relation,3294557,"Rue Bouvier - Bouvierstraat",?,,
relation,2967941,"Rue Brunard - Brunardstraat",?,,
relation,3257052,"Rue Coenraets - Coenraetsstraat",?,,"Propriétaire de terrains situés à cet endroit"
relation,3253232,"Rue de Bruyn - de Bruynstraat",?,,
relation,3438961,"Rue de Ciplet - de Cipletstraat",?,,
relation,3325445,"Rue De Koninck - De Koninckstraat",?,,"Ancien(ne) propriétaire terrien"
relation,2981441,"Rue Decrée - Decréestraat",?,,
relation,3434325,"Rue Laneau - Laneaustraat",?,,
relation,3449144,"Rue Medaets - Medaetsstraat",?,,
relation,3237633,"Rue Pangaert - Pangaertstraat",?,,
relation,3536351,"Rue Raphaël - Raphaëlstraat",?,,
relation,3022870,"Rue Sneessens - Sneessensstraat",?,"E. Sneessens","Membre du bureau de Bienfaisance"
relation,3433808,"Rue Steyls - Steylsstraat",?,,
relation,3375381,"Rue Stroobants - Stroobantsstraat",?,,
relation,3246475,"Rue Van Bergen - Van Bergenstraat",?,,
relation,3306592,"Rue Van Hoegaerde - Van Hoegaerdestraat",?,,
relation,3434772,"Rue Verhoeven - Verhoevenstraat",?,,
relation,3256835,"Avenue Hélène - Helenalaan",F,,
relation,3228251,"Avenue Jeanne - Johannalaan",F,,
relation,3505178,"Avenue Paule - Paulalaan",F,,"Fille de Jules Du Jardin (peintre), propriétaire des terrains du quartier Saint-Paul"
relation,11048375,"Avenue Victoria - Victorialaan",F,,
relation,3049100,"Rue de Beughem - de Beughemstraat",F,,"Mère du comte Cornet de Grez, une descendante de Louis van Bodeghem"
relation,11048377,"Rue Marianne - Mariannestraat",F,,"(Probablement) Petite-fille du bourgmestre Léon Vanderkindere"
relation,3235100,"Rue Mercelis - Mercelisstraat",F,,"(Probablement) Veuve Mercelis, propriétaire des terrains sur lesquels la rue fut ouverte"
relation,6005861,"Rue Mercelis - Mercelisstraat",F,,"(Probablement) Veuve Mercelis, propriétaire des terrains sur lesquels la rue fut ouverte"
relation,3258838,"Avenue Général de Longueville - Generaal de Longuevillelaan",M,,
relation,2984376,"Avenue Georges Henri - Georges Henrilaan",M,,"(Probablement) Association des prénoms de deux propriétaires fonciers locaux"
relation,3110486,"Avenue Hansen-Soulie - Hansen-Soulielaan",M,,"Ancien conseiller communal et résistant blessé par la Gestapo dans cette rue et décédé au camp de Buchenwald en 1944"
relation,3495502,"Avenue Père Hilaire - Pater Hilariuslaan",M,,"Père Franciscain du Chant d'Oiseau, résistant, mort des suites de son emprisonnement"
relation,3500230,"Avenue Saint-Jean - Sint-Janslaan",M,,
relation,3049117,"Petite rue L'Olivier - Korte L'Olivierstraat",M,"Jean L'Olivier","(1792-1854) Militaire belge"
relation,11086524,"Rue Berckmans - Berckmansstraat",M,"Gaspard Berckmans","Ancien propriétaire du terrain"
relation,11087006,"Rue Bosquet - Bosquetstraat",M,,"Ancien échevin de Saint-Gilles (de 1836 à 1843)"
relation,3288989,"Rue de Fierlant - de Fierlantstraat",M,"Baron de Fierlant","Grand propriétaire foncier du quartier du Pont-de-Luttre"
relation,3252684,"Rue de Liedekerke - de Liedekerkestraat",M,"Comte de Liedekerke","Ancien propriétaire"
relation,3297585,"Rue de Ribaucourt - de Ribaucourtstraat",M,"Comte de Ribaucourt","Propriétaire de terrains dans le voisinage"
relation,3312912,"Rue Doyen Adriaens - Deken Adriaensstraat",M,,
relation,3311841,"Rue Doyen Fierens - Deken Fierensstraat",M,,
relation,3138882,"Rue Félix De Cuyper - Félix De Cuyperstraat",M,"Félix De Cuyper","(1857-1908) Receveur communal d'Anderlecht"
relation,3198269,"Rue François Gérard - François Gérardstraat",M,"François Gérard","(1812-1893) Médecin-vétérinaire, professeur à l'École de médecine vétérinaire de Cureghem"
relation,3474783,"Rue François Janssens - François Janssensstraat",M,"François Janssens","(1857-1904) Lithographe, conseiller communal"
relation,3367670,"Rue Général Michel - Generaal Michelstraat",M,,
relation,3489867,"Rue Général Ruquoy - Generaal Ruquoystraat",M,"Louis Hubert Ruquoy","(1861-1937) Lieutenant-général, chef d'état-major général de l'armée belge pendant la Première Guerre mondiale"
relation,2974969,"Rue Gillebertus - Gillebertusstraat",M,,"Ancien conseiller communal de Jette"
relation,3291549,"Rue Haeck - Haeckstraat",M,,"Habitant de Jette propriétaire d'une grande ferme dans les environs"
relation,3329877,"Rue Henri De Saegher - Henri De Saegherstraat",M,,
relation,2969411,"Rue Henri Huybreghts - Henri Huybreghtsstraat",M,,
relation,3239287,"Rue Henri Meuwis - Henri Meuwisstraat",M,"Henri Meuwis",
relation,3325482,"Rue Henri Nogent - Henri Nogentstraat",M,"Henri Nogent","(1876-1965) Ébéniste, collaborateur de Victor Horta à quelques reprises, puis Directeur des Travaux à Anderlecht"
relation,2974993,"Rue Henri Van Bortonne - Henri Van Bortonnestraat",M,"Henri Van Bortonne",
relation,3375860,"Rue Henri Van Hamme - Hendrik Van Hammestraat",M,"Henri Van Hamme",
relation,3376042,"Rue Henri Van Nerom - Hendrik Van Neromstraat",M,"Henri Van Nerom",
relation,3145882,"Rue Henri Van Zuylen - Henri Van Zuylenstraat",M,"Henri van Zuylen","(1876-1965) Commandant en second du navire-école Comte de Smet de Naeyer, qui habita Uccle"
relation,4807084,"Rue Henri Vandermaelen - Henri Vandermaelenstraat",M,"Henri Vandermaelen",
relation,4784877,"Rue Henrotte - Henrottestraat",M,"Pierre Louis Henrotte","Curé de Notre-Dame de Stockel de 1906 à son décès le 25 octobre 1928"
relation,2962567,"Rue Honoré Longtin - Honoré Longtinstraat",M,"Honoré Longtin",
relation,3263377,"Rue Hubert Blauwet - Hubert Blauwetstraat",M,"Hubert Blauwet","(1887-1914) Sergent auprès du 22ème régiment de ligne, mort pour la Patrie"
relation,3256838,"Rue Hubert Heymans - Hubert Heymansstraat",M,"Hubert Heymans",
relation,3375876,"Rue Hubert Van Hoorde - Hubert Van Hoordestraat",M,"Hubert Van Hoorde",
relation,3372752,"Rue Jacques Ballings - Jaak Ballingsstraat",M,"Jacques Ballings",
relation,3077398,"Rue Jacques Boon - Jacques Boonstraat",M,"Jacques Boon","(1858-1917) Capitaine-commandant de la Compagnie spéciale des sapeurs-pompeurs volontaires d'Anderlecht, mort accidellement"
relation,3009698,"Rue Jacques Hoton - Jacques Hotonstraat",M,"Jacques Hoton","(1924-1941) Résistant"
relation,3138897,"Rue Jacques Houtmeyers - Jaak Houtmeyersstraat",M,"Jacques Houtmeyers",
relation,3059508,"Rue Jacques Rayé - Jacques Rayéstraat",M,"Jacques Rayé","(1850-1910) Géomètre-expert qui fit don à la Commune d'une partie de sa fortune et de terrains destinés à l'ouverture d'une rue"
relation,3375382,"Rue Jan Frans De Craen - Jan Frans De Craenstraat",M,"Jan Frans De Craen",
relation,11819954,"Rue Jan Verbesselt - Jan Verbesseltstraat",M,"Jan Verbesselt",
relation,3217431,"Rue Jean Baptiste François Denys - Jean Baptiste François Denysstraat",M,"Jean Baptiste François Denys","(1817-1904) En 1840, premier ""instituteur communal"" de l'enseignement officiel à Anderlecht depuis l'Indépendance"
relation,2982119,"Rue Jean Baudoux - Jean Baudouxstraat",M,"Jean Baudoux",
relation,12715655,"Rue Jean Benaets - Jean Benaetsstraat",M,"Jean Benaets","(1845-1926) Instituteur-directeur de l'école communale de Saint-Job"
relation,3238881,"Rue Jean De Greef - Jean De Greefstraat",M,"Jean De Greef",
relation,3488410,"Rue Jean Deraeck - Jean Deraeckstraat",M,"Jean Deraeck",
relation,3449121,"Rue Jean Gérard Eggericx - Jean Gérard Eggericxstraat",M,"Jean Gérard Eggericx",
relation,3411354,"Rue Jean Heymans - Jean Heymansstraat",M,"Jean Heymans",
relation,2984601,"Rue Jean Lagey - Jean Lageystraat",M,"Jean Lagey","(?-1931) Agent de police, mort en service"
relation,3411386,"Rue Jean Laumans - Jean Laumansstraat",M,"Jean Laumans","(1823-1902) Sculpteur"
relation,3289007,"Rue Jean Morjau - Jean Morjaustraat",M,"Jean Morjau","Ancien conseiller communal"
relation,2981599,"Rue Jean Tiebackx - Jan Tiebackxstraat",M,"Jean Tiebackx",
relation,3322162,"Rue Jean Verbiest - Jean Verbieststraat",M,"Jean Verbiest","Ancien échevin molenbeekois"
relation,3472073,"Rue Jean Wellens - Jean Wellensstraat",M,"Jean Wellens",
relation,3339801,"Rue Jean-Baptiste Baeck - Jean-Baptiste Baeckstraat",M,"Jean-Baptiste Baeck","(1892-1965) Grand invalide de guerre, employé des PTT, fondateur et président de l'Entente des Groupements Patriotiques de Forest"
relation,3372704,"Rue Jean-Baptiste Bauwens - Jan-Baptist Bauwensstraat",M,"Jean-Baptiste Bauwens",
relation,3329212,"Rue Jean-Baptiste Decock - Jean-Baptiste Decockstraat",M,"Jean-Baptiste Decock",
relation,3575247,"Rue Jean-Baptiste Dumoulin - Jean-Baptiste Dumoulinstraat",M,"Jean-Baptiste Dumoulin",
relation,2962481,"Rue Jean-Baptiste Serkeyn - Jean-Baptiste Serkeynstraat",M,"Jean-Baptiste Serkeyn",
relation,2984014,"Rue Jean-Baptiste Timmermans - Jean-Baptiste Timmermansstraat",M,"Jean-Baptiste Timmermans","Échevin (de 1908 à 1912)"
relation,3238871,"Rue Jean-Baptiste Van Pagé - Jean-Baptiste Van Pagéstraat",M,"Jean-Baptiste Van Pagé",
relation,3271537,"Rue Jean-Baptiste Vandendriesch - Jean Baptiste Vandendrieschstraat",M,"Jean-Baptiste Vandendriesch",
relation,3308097,"Rue Jean-Baptiste Vanpé - Jean-Baptiste Vanpéstraat",M,"Jean-Baptiste Vanpé",
relation,4807085,"Rue Jean-Baptiste Verheyden - Jean-Baptiste Verheydenstraat",M,"Jean-Baptiste Verheyden","(1888- 1918) Soldat au 14ème Régiment d'Artillerie"
relation,3279710,"Rue Jef Devos - Jef Devosstraat",M,"Jef Devos","Conseiller communal et échevin de l'Instruction publique de Forest (de 1904 à 1921)"
relation,3303613,"Rue Jennart - Jennartstraat",M,,"Ancien conseiller communal"
relation,3066461,"Rue Jonniaux - Jonniauxstraat",M,,"Ancien conseiller communal et échevin etterbeekois"
relation,3536355,"Rue Jorez - Jorezstraat",M,,"Major-commandant du bataillon de la garde civique d'Anderlecht et patron d'une manufacture de toiles cirées sur la Senne"
relation,3007930,"Rue Joseph Buedts - Joseph Buedtsstraat",M,"Joseph Buedts","Ancien échevin etterbeekois"
relation,3252661,"Rue Joseph Dekeyn - Joseph Dekeynstraat",M,"Joseph Dekeyn","Ancien membre du Conseil communal de Saint-Josse entre 1856 et 1860"
relation,3006826,"Rue Joseph Delhaye - Joseph Delhayestraat",M,"Joseph Delhaye",
relation,3238877,"Rue Joseph Druez - Joseph Druezstraat",M,"Joseph Druez",
relation,3256866,"Rue Joseph Genot - Joseph Genotstraat",M,"Joseph Genot","Ancien conseiller communal molenbeekois"
relation,3316779,"Rue Joseph Genot - Joseph Genotstraat",M,"Joseph Genot","Ancien conseiller communal molenbeekois"
relation,2975482,"Rue Joseph Loossens - Joseph Loossensstraat",M,"Joseph Loossens",
relation,3271540,"Rue Joseph Mertens - Joseph Mertensstraat",M,"Joseph Mertens","(1887-1918) Habitant de la commune, mort pour la Patrie"
relation,3321229,"Rue Joseph Schols - Joseph Scholsstraat",M,"Joseph Schols",
relation,2981572,"Rue Joseph Schuermans - Joseph Schuermansstraat",M,"Joseph Schuermans",
relation,3472928,"Rue Joseph Van Boterdael - Joseph Van Boterdaelstraat",M,"Joseph Van Boterdael","(1868-1946) Chef des Fanfares Royales d'Anderlecht"
relation,3059582,"Rue Joseph Van Camp - Joseph Van Campstraat",M,"Joseph Van Camp","(1864-1952) Homme politique"
relation,3237707,"Rue Joseph Verhasselt - Joseph Verhasseltstraat",M,"Joseph Verhasselt",
relation,2972485,"Rue Josse De Boeck - Josse De Boeckstraat",M,"Josse De Boeck",
relation,3246443,"Rue Jules Debecker - Jules Debeckerstraat",M,"Jules Debecker",
relation,3012042,"Rue Jules Emile Raymond - Jules Emile Raymondstraat",M,"Jules Emile Raymond",
relation,3298894,"Rue Jules Francqui - Jules Francquistraat",M,"Jules Francqui","Propriétaire foncier"
relation,3326140,"Rue Jules Vieujant - Jules Vieujantstraat",M,"Jules Vieujant","(1842-1911) Co-fondateur du groupe Delhaize"
relation,3449190,"Rue Julien Vermeersch - Julien Vermeerschstraat",M,"Julien Vermeersch",
relation,3049116,"Rue L'Olivier - L'Olivierstraat",M,"Jean L'Olivier","(1792-1854) Militaire belge"
relation,3496013,"Rue Lacaille - Lacaillestraat",M,,
relation,3240346,"Rue Laurent Heirbaut - Laurent Heirbautstraat",M,"Laurent Heirbaut",
relation,3379630,"Rue Laurent Vandenhoven - Laurent Vandenhovenstraat",M,"Laurent Vandenhoven",
relation,3294529,"Rue Le Lorrain - Le Lorrainstraat",M,"Damien Le Lorrain",
relation,3575282,"Rue Leopold Rom - Leopold Romstraat",M,"Leopold Rom",
relation,2994280,"Rue Lieutenant Freddy Wampach - Luitenant Freddy Wampachstraat",M,"Freddy Wampach","(1903-1943) Militaire, résistant agent parachutiste, fusillé au Tir national, qui habita cette rue"
relation,3306655,"Rue Piers - Piersstraat",M,,"Ancien échevin de Molenbeek"
relation,3546815,"Rue Ropsy Chaudron - Ropsy Chaudronstraat",M,,"Promoteur et fondateur des Abattoirs d'Anderlecht, qui se trouvaient dans la rue"
relation,3235096,"Rue Rouen-Bovie - Rouen-Boviestraat",M,"François Bovie"," François Bovie, par legs testamentaire, avait fait un don à la commune afin de décerner un prix annuel aux meilleurs élèves des écoles communales"
relation,3256996,"Rue Saint-François - Sint-Franciscusstraat",M,Saint-François,
relation,3244579,"Rue Saint-Julien - Sint-Juliaanstraat",M,Saint-Julien,
relation,3306602,"Rue Saint-Julien - Sint-Juliaanstraat",M,Saint-Julien,
relation,3333168,"Rue Saint-Martin - Sint-Maartenstraat",M,"Martin Godfurneau et Martin Van Beveren","Propriétaires ayant urbanisé le quartier"
relation,3241221,"Rue Sergent Sorensen - Sergeant Sorensenstraat",M,,
relation,2967966,"Rue Stanislas Legrelle - Stanislas Legrellestraat",M,"Stanislas Legrelle",
relation,3315810,"Rue Tazieaux - Tazieauxstraat",M,,"Ancien propriétaire"
relation,3302989,"Rue Ulens - Ulensstraat",M,,"Ancien intendant militaire molenbeekois"
relation,3325363,"Rue Van Kalck - Van Kalckstraat",M,,"Ancien propriétaire terrien"
relation,3329272,"Rue Van Malder - Van Malderstraat",M,,"Ancien conseiller communal molenbeekois"
relation,3303536,"Rue Van Meyel - Van Meyelstraat",M,,"(Probablement) Peintre"
relation,3323306,"Rue Van Wambeke - Van Wambekestraat",M,,"(1842-1928) Propriétaire terrien"
relation,3430804,"Rue Van Wambeke - Van Wambekestraat",M,,"(1842-1928) Propriétaire terrien"
relation,3294464,"Rue Vandenboogaerde - Vandenboogaerdestraat",M,"Desiderius Vandenboogaerde","Notaire à Poperinge, propriétaire de terrains à Molenbeek"
relation,3176748,"Rue Vandenbroeck - Vandenbroeckstraat",M,"Pierre Vandenbroeck","(1790-1857) Maître d'école"
relation,3329898,"Rue Vanderdussen - Vanderdussenstraat",M,"F. Van der Dussen","Probablement un des propriétaires des Etangs noirs, baron de Kestergat, bourgmestre de Molenbeek sous le régime hollandais"
relation,3252662,"Rue Vanderhoeven - Vanderhoevenstraat",M,"Filips Vanderhoeven","Doyen des Jardiniers, connu pour la résistance qu'il opposa à Farnèse à la fin du 17ème siècle, et qui résidait dans la commune"
relation,3049939,"Rue Vandermeersch - Vandermeerschstraat",M,"Charles et Pierre Vandermeersch","Propriétaires des terrains sur lesquels la rue fut tracée"
relation,3587290,"Rue Vanderschrick - Vanderschrickstraat",M,"Famille Vanderschrick","Célèbre famille saint-gilloise de propriétaires terriens et d'hommes politiques, dont trois bourgmestres : Egide (1825-1840), son fils Jean (1840-1860) et son petit-fils Fernand (1896-1899)"
relation,3329873,"Rue Vanderstraeten - Vanderstraetenstraat",M,"Charles Vanderstraeten","(1834-1904) Inspecteur voyer des faubourgs de Bruxelles"
relation,3178229,"Rue Vautier - Vautierstraat",M,,"(1792-1846) Inspecteur des athénées et collèges de Belgique, qui participa activement à la Révolution belge"
relation,3491661,"Rue Vautier - Vautierstraat",M,,"(1792-1846) Inspecteur des athénées et collèges de Belgique, qui participa activement à la Révolution belge"
relation,3028884,"Rue Verboeckhaven - Verboeckhavenstraat",M,"Michel Verboekhaven","(1816-1883) Propriétaire des terrains sur lesquels la rue fut ouverte en 1871"
relation,3325825,"Rue Verheyden - Verheydenstraat",M,,"Propriétaire terrien"
relation,3011064,"Rue Vervloesem - Vervloesemstraat",M,"Jean-François Vervloesem","(1850-1917) Instituteur communal pendant près de 50 ans"
relation,3241581,"Rue Victor Lowet - Victor Lowetstraat",M,"Victor Lowet","(1881-1915) Soldat au 8ème régiment de Ligne, mort pendant la Première Guerre mondiale"
relation,3415954,"Rue Victor Mabille - Victor Mabillestraat",M,"Victor Mabille",
relation,3044820,"Rue Victor Oudart - Victor Oudartstraat",M,"Victor Oudart","(1815-1886) Président du bureau de bienfaisance de Schaerbeek"
relation,3227643,"Rue Victor Rauter - Victor Rauterstraat",M,"Victor Rauter","(1854-1910) Commandant du corps des sapeurs-pompiers volontaires de 1888 jusqu'à sa mort"
relation,3004965,"Rue Wayez - Wayezstraat",M,,"Administrateur de la Compagnie Immobilière d'Anderlecht, promoteur de la voie"
way,132433013,"Impasse Ronsmans - Ronsmansgang",?,,
way,132433014,"Impasse Ronsmans - Ronsmansgang",?,,
way,132433015,"Impasse Ronsmans - Ronsmansgang",?,,
way,4730958,"Rue Capouillet - Capouilletstraat",?,,"Ancien(ne) propriétaire du terrain que la rue traverse"
way,23647092,"Rue Capouillet - Capouilletstraat",?,,"Ancien(ne) propriétaire du terrain que la rue traverse"
way,13768131,"Rue Crickx - Crickxstraat",?,,"Propriétaire des terrains sur lesquels cette rue fut tracée"
way,118566333,"Rue Van Gaver - Van Gaverstraat",?,,"Anciens propriétaires"
way,432775004,"Rue Van Gaver - Van Gaverstraat",?,,"Anciens propriétaires"
way,151162994,"Rue Vanden Corput - Vanden Corputstraat",?,,"Propriétaire des terrains à travers cette rue fut tracée à partir de 1905 environ"
way,23647145,"Avenue Juliette - Juliettelaan",F,,
way,147714131,"Avenue Marie-Clotilde - Marie-Clotildelaan",F,,
way,915916792,"Clos Marie Koré - Maire Koréhoek",F,"Marie Koré","Figure de la lutte pour l'indépendance en Côte d'Ivoire"
way,915916793,"Clos Marie Koré - Maire Koréhoek",F,"Marie Koré","Figure de la lutte pour l'indépendance en Côte d'Ivoire"
way,23781968,"Avenue Achille Reisdorff - Achille Reisdorfflaan",M,"Achille Reisdorff","(1898-?) Secrétaire général de l'Oeuvre nationale pour Invalides de Guerre"
way,14795061,"Avenue des Frères Goemaere - Gebroeders Goemaerelaan",M,,
way,458810331,"Avenue des Frères Goemaere - Gebroeders Goemaerelaan",M,,
way,8250579,"Avenue des Frères Legrain - Gebroeders Legrainlaan",M,,
way,35830442,"Avenue des Frères Legrain - Gebroeders Legrainlaan",M,,
way,863287984,"Avenue des Frères Legrain - Gebroeders Legrainlaan",M,,
way,15804085,"Avenue Van Bever - Van Beverlaan",M,"Jean Victor Van Bever","Notaire à Uccle Fort Jaco entre 1802 et 1822, propriétaire terrien et immobilier"
way,599481032,"Avenue Van Bever - Van Beverlaan",M,"Jean Victor Van Bever","Notaire à Uccle Fort Jaco entre 1802 et 1822, propriétaire terrien et immobilier"
way,115117025,"Impasse Madrille - Madrillegang",M,,"Propriétaire du terrain sur lequel cette venelle fut créée au 17ème siècle"
way,572851813,"Impasse Madrille - Madrillegang",M,,"Propriétaire du terrain sur lequel cette venelle fut créée au 17ème siècle"
way,243608671,"Rue Beeckman - Beeckmanstraat",M,"Baron de Beeckman","Président du groupe de propriétaires fonciers constructeurs de la rue dans le quartier du nouvel Uccle"
way,243608882,"Rue Beeckman - Beeckmanstraat",M,"Baron de Beeckman","Président du groupe de propriétaires fonciers constructeurs de la rue dans le quartier du nouvel Uccle"
way,244299516,"Rue Beeckman - Beeckmanstraat",M,"Baron de Beeckman","Président du groupe de propriétaires fonciers constructeurs de la rue dans le quartier du nouvel Uccle"
way,4426075,"Rue Blanche - Blanchestraat",M,,Avocat
way,210294010,"Rue Georges Huygens - Georges Huygensstraat",M,"Georges Huygens",
way,496191041,"Rue Georges Huygens - Georges Huygensstraat",M,"Georges Huygens",
way,14372823,"Rue Henri Maubel - Henri Maubelstraat",M,"Henri Maubel (pseudonyme de Marcel Belval)","(1862-1917) Critique musical, un temps directeur du groupe La Jeune Belgique, qui habita la commune"
way,14795587,"Rue Henri Van Antwerpen - Henri Van Antwerpenstraat",M,"Henri Van Antwerpen",
way,496191033,"Rue Henri Van Antwerpen - Henri Van Antwerpenstraat",M,"Henri Van Antwerpen",
way,36361070,"Rue Henri Ver Eycken - Henri Ver Eyckenstraat",M,"Henri Ver Eycken",
way,111513754,"Rue Henri Wafelaerts - Henri Wafelaertsstraat",M,"Henri Wafelaerts","Ancien conseiller communal à Saint-Gilles"
way,30087257,"Rue Henri-François Moreels - Henri-François Moreelsstraat",M,"Henri-François Moreels",
way,38966423,"Rue Hubert-Jean Coenen - Hubert-Jean Coenenstraat",M,"Hubert-Jean Coenen",
way,73335024,"Rue J. B. Moyens - J. B. Moyensstraat",M,"Jean-Baptiste Moyens","Inspirateur de l'ancienne foire Sainte-Anne dans le quartier de Dieleghem"
way,73335043,"Rue J. B. Moyens - J. B. Moyensstraat",M,"Jean-Baptiste Moyens","Inspirateur de l'ancienne foire Sainte-Anne dans le quartier de Dieleghem"
way,40807576,"Rue Jean Ballegeer - Jean Ballegeerstraat",M,"Jean Ballegeer","(1869-1951) Administrateur de la société qui traça cette rue"
way,443027926,"Rue Jean Ballegeer - Jean Ballegeerstraat",M,"Jean Ballegeer","(1869-1951) Administrateur de la société qui traça cette rue"
way,14795581,"Rue Jean Ekelmans - Jean Ekelmansstraat",M,"Jean Ekelmans",
way,31717487,"Rue Jean-Baptiste Desmeth - Jan-Baptist Desmethstraat",M,"Jean-Baptiste Desmeth",
way,35868435,"Rue Jean-Baptiste Desmeth - Jan-Baptist Desmethstraat",M,"Jean-Baptiste Desmeth",
way,14796173,"Rue Jean-Baptiste Vandercammen - Jean-Baptiste Vandercammenstraat",M,"Jean-Baptiste Vandercammen",
way,14796498,"Rue Jean-Baptiste Vannypen - Jean-Baptiste Vannypenstraat",M,"Jean-Baptiste Vannypen","(1895-1918) Soldat au 2ème régiment de Carabiniers, mort pour la Patrie"
way,205027558,"Rue Jean-Baptiste Vannypen - Jean-Baptiste Vannypenstraat",M,"Jean-Baptiste Vannypen","(1895-1918) Soldat au 2ème régiment de Carabiniers, mort pour la Patrie"
way,14372813,"Rue Joseph Bens - Joseph Bensstraat",M,"Joseph Bens","(1837–1910) Ancien directeur de l'école de Saint-Job, premier titulaire d'un diplôme officiel"
way,33277981,"Rue Joseph Bens - Joseph Bensstraat",M,"Joseph Bens","(1837–1910) Ancien directeur de l'école de Saint-Job, premier titulaire d'un diplôme officiel"
way,243609002,"Rue Joseph Bens - Joseph Bensstraat",M,"Joseph Bens","(1837–1910) Ancien directeur de l'école de Saint-Job, premier titulaire d'un diplôme officiel"
way,243609005,"Rue Joseph Bens - Joseph Bensstraat",M,"Joseph Bens","(1837–1910) Ancien directeur de l'école de Saint-Job, premier titulaire d'un diplôme officiel"
way,13853897,"Rue Joseph Claes - Joseph Claesstraat",M,"Joseph Claes","Ancien propriétaire des terrains sur lesquels la rue fut tracée"
way,23173152,"Rue Joseph Cuylits - Joseph Cuylitsstraat",M,"(1882-1926) Philippe-Joseph Cuylits","Avocat et propriétaire terrien"
way,13767358,"Rue Joseph Hazard - Joseph Hazardstraat",M,"Joseph Hazard","Ancien propriétaire des terrains sur lesquels la rue fut ouverte"
way,13520421,"Rue Jules Cockx - Jules Cockxstraat",M,"Jules Cockx","Combattant, originaire d'Auderghem, mort au champ d'honneur durant la première Guerre mondiale"
way,31428753,"Rue Jules Cockx - Jules Cockxstraat",M,"Jules Cockx","Combattant, originaire d'Auderghem, mort au champ d'honneur durant la première Guerre mondiale"
way,40146481,"Rue Jules Cockx - Jules Cockxstraat",M,"Jules Cockx","Combattant, originaire d'Auderghem, mort au champ d'honneur durant la première Guerre mondiale"
way,40747116,"Rue Jules Cockx - Jules Cockxstraat",M,"Jules Cockx","Combattant, originaire d'Auderghem, mort au champ d'honneur durant la première Guerre mondiale"
way,136962766,"Rue Jules Cockx - Jules Cockxstraat",M,"Jules Cockx","Combattant, originaire d'Auderghem, mort au champ d'honneur durant la première Guerre mondiale"
way,136962767,"Rue Jules Cockx - Jules Cockxstraat",M,"Jules Cockx","Combattant, originaire d'Auderghem, mort au champ d'honneur durant la première Guerre mondiale"
way,137829806,"Rue Jules Cockx - Jules Cockxstraat",M,"Jules Cockx","Combattant, originaire d'Auderghem, mort au champ d'honneur durant la première Guerre mondiale"
way,182008773,"Rue Jules Cockx - Jules Cockxstraat",M,"Jules Cockx","Combattant, originaire d'Auderghem, mort au champ d'honneur durant la première Guerre mondiale"
way,182008774,"Rue Jules Cockx - Jules Cockxstraat",M,"Jules Cockx","Combattant, originaire d'Auderghem, mort au champ d'honneur durant la première Guerre mondiale"
way,191900868,"Rue Jules Cockx - Jules Cockxstraat",M,"Jules Cockx","Combattant, originaire d'Auderghem, mort au champ d'honneur durant la première Guerre mondiale"
way,203942597,"Rue Jules Cockx - Jules Cockxstraat",M,"Jules Cockx","Combattant, originaire d'Auderghem, mort au champ d'honneur durant la première Guerre mondiale"
way,421668829,"Rue Jules Cockx - Jules Cockxstraat",M,"Jules Cockx","Combattant, originaire d'Auderghem, mort au champ d'honneur durant la première Guerre mondiale"
way,482234634,"Rue Jules Cockx - Jules Cockxstraat",M,"Jules Cockx","Combattant, originaire d'Auderghem, mort au champ d'honneur durant la première Guerre mondiale"
way,549588780,"Rue Jules Cockx - Jules Cockxstraat",M,"Jules Cockx","Combattant, originaire d'Auderghem, mort au champ d'honneur durant la première Guerre mondiale"
way,12473684,"Rue Marcq - Marcqstraat",M,"G.-S. Marcq","(1780-1848) Administrateur du Conseil des Hospices, échevin de la Ville de Bruxelles"
way,14454885,"Rue Maurice Charlent - Maurice Charlentstraat",M,"Maurice Charlent",
way,223925202,"Rue Maurice Charlent - Maurice Charlentstraat",M,"Maurice Charlent",
way,558240548,"Rue Maurice Charlent - Maurice Charlentstraat",M,"Maurice Charlent",
way,178710445,"Rue Max Roos - Max Roosstraat",M,"Max Roos","(1867-1925) Industriel, propriétaire du terrain à travers lequel la rue fut tracée"
way,178710452,"Rue Max Roos - Max Roosstraat",M,"Max Roos","(1867-1925) Industriel, propriétaire du terrain à travers lequel la rue fut tracée"
way,283214764,"Rue Max Roos - Max Roosstraat",M,"Max Roos","(1867-1925) Industriel, propriétaire du terrain à travers lequel la rue fut tracée"
way,4730689,"Rue Moris - Morisstraat",M,"William Morris","Pionnier du développement du tram à Bruxelles, et plus particulièrement à Saint-Gilles"
way,49942346,"Rue Moris - Morisstraat",M,"William Morris","Pionnier du développement du tram à Bruxelles, et plus particulièrement à Saint-Gilles"
way,155469560,"Rue Philippe Dewolfs - Philippe Dewolfsstraat",M,"Philippe Dewolfs",
way,284966350,"Rue Pierre de Puysselaer - Pierre de Puysselaerstraat",M,"Pierre de Puysselaer","(1829-1910) Ancien directeur des Indienneries de Stalle"
way,284966351,"Rue Pierre de Puysselaer - Pierre de Puysselaerstraat",M,"Pierre de Puysselaer","(1829-1910) Ancien directeur des Indienneries de Stalle"
way,284966352,"Rue Pierre de Puysselaer - Pierre de Puysselaerstraat",M,"Pierre de Puysselaer","(1829-1910) Ancien directeur des Indienneries de Stalle"
way,8241468,"Rue Rasson - Rassonstraat",M,"Jean-Baptiste Rasson","(1812-1898) Officier des carabiniers, conseiller communal"
way,36998721,"Rue Rasson - Rassonstraat",M,"Jean-Baptiste Rasson","(1812-1898) Officier des carabiniers, conseiller communal"
way,8083516,"Rue Ropsy Chaudron - Ropsy Chaudronstraat",M,,"Promoteur et fondateur des Abattoirs d'Anderlecht, qui se trouvaient dans la rue"
way,14184120,"Rue Saint-Alphonse - Sint-Alfonsstraat",M,Saint-Alphonse,
way,12990788,"Rue Saint-André - Sint-Andriesstraat",M,Saint-André,
way,8512036,"Rue Saint-Géry - Sint-Goriksstraat",M,Saint-Géry,
way,8512066,"Rue Saint-Laurent - Sint-Laurensstraat",M,Saint-Laurent,
way,924125258,"Rue Saint-Laurent - Sint-Laurensstraat",M,Saint-Laurent,
way,27780620,"Rue Saint-Lazare - Sint-Lazarusstraat",M,Saint-Lazare,
way,15087902,"Rue Steens - Steensstraat",M,"Les frères Steens",Propriétaires
way,17505335,"Rue Sterckx - Sterckxstraat",M,"François-Adrien-Joseph Sterckx","(1826-1873) Propriétaire foncier, ancien échevin de Saint-Gilles"
way,151163014,"Rue Timmermans - Timmermansstraat",M,,"Actionnaire de la Société anonyme des Villas de Forest qui urbanisa ce quartier"
way,13752032,"Rue Vandenbranden - Vandenbrandenstraat",M,,
way,13752049,"Rue Vandenbranden - Vandenbrandenstraat",M,,
way,112022782,"Rue Vander Elst - Vander Elststraat",M,,"Propriétaire vers 1810 d'une usine d'acide nitrique"
way,112022783,"Rue Vander Elst - Vander Elststraat",M,,"Propriétaire vers 1810 d'une usine d'acide nitrique"
way,13855133,"Rue Vandermeulen - Vandermeulenstraat",M,,"Artiste-peintre, administrateur de la fabrique d'église de la paroisse Sainte-Gudule"
way,23541816,"Rue Victor Gambier - Victor Gambierstraat",M,"Victor Gambier","(1832-1911) Propriétaire foncier, conseiller communal et échevin, qui habita cette rue"
way,44821634,"Rue Victor Gambier - Victor Gambierstraat",M,"Victor Gambier","(1832-1911) Propriétaire foncier, conseiller communal et échevin, qui habita cette rue"
way,236527758,"Rue Victor Gambier - Victor Gambierstraat",M,"Victor Gambier","(1832-1911) Propriétaire foncier, conseiller communal et échevin, qui habita cette rue"
way,243568608,"Rue Victor Gambier - Victor Gambierstraat",M,"Victor Gambier","(1832-1911) Propriétaire foncier, conseiller communal et échevin, qui habita cette rue"
way,30362070,"Rue Vlogaert - Vlogaertstraat",M,,"Ancien propriétaire"
way,23104735,"Square Van Bever - Van Beversquare",M,"Jean Victor Van Bever","Notaire à Uccle Fort Jaco entre 1802 et 1822, propriétaire terrien et immobilier"
way,23104737,"Square Van Bever - Van Beversquare",M,"Jean Victor Van Bever","Notaire à Uccle Fort Jaco entre 1802 et 1822, propriétaire terrien et immobilier"
way,923453402,"Square Van Bever - Van Beversquare",M,"Jean Victor Van Bever","Notaire à Uccle Fort Jaco entre 1802 et 1822, propriétaire terrien et immobilier"
